testfall_id,stufe,domaene,workflow,score_strukturell,score_semantisch,score_gesamt,syntax_gate,fk_gate,pk_rate,fk_referenzen_ungueltig,entitaet_f1,attribut_f1,beziehung_recall,abweichungen_total,abweichungen,fehlerklasse,begruendung
TC018,1,Kindertagesstätte,iw,0.0,0.5649122807017544,0.3389473684210526,0,1,1.0,0,0.6666666666666666,0.5789473684210527,0.3333333333333333,11,tabelle:staffs | attribut:children.notes | attribut:staffs.id | attribut:staffs.firstname | attribut:staffs.lastname | attribut:staffs.phone | attribut:staffs.hiredate | attribut:staffs.is_active | attribut:staffs.group_id | beziehung:groups → staffs | beziehung:staffs → groups,,
TC018,1,Kindertagesstätte,mad,0.0,0.543859649122807,0.3263157894736842,0,1,1.0,0,0.6666666666666666,0.5263157894736842,0.3333333333333333,12,tabelle:staffs | attribut:children.notes | attribut:groups.room | attribut:staffs.id | attribut:staffs.firstname | attribut:staffs.lastname | attribut:staffs.phone | attribut:staffs.hiredate | attribut:staffs.is_active | attribut:staffs.group_id | beziehung:groups → staffs | beziehung:staffs → groups,,
TC018,1,Kindertagesstätte,oa,1.0,0.5228070175438596,0.7136842105263157,1,1,1.0,0,0.6666666666666666,0.47368421052631576,0.3333333333333333,13,tabelle:staffs | attribut:children.notes | attribut:groups.room | attribut:groups.leader_staff_id | attribut:staffs.id | attribut:staffs.firstname | attribut:staffs.lastname | attribut:staffs.phone | attribut:staffs.hiredate | attribut:staffs.is_active | attribut:staffs.group_id | beziehung:groups → staffs | beziehung:staffs → groups,,
TC018,1,Kindertagesstätte,ps,0.0,0.5228070175438596,0.31368421052631573,0,1,1.0,0,0.6666666666666666,0.47368421052631576,0.3333333333333333,13,tabelle:staffs | attribut:children.notes | attribut:groups.age_range | attribut:groups.room | attribut:staffs.id | attribut:staffs.firstname | attribut:staffs.lastname | attribut:staffs.phone | attribut:staffs.hiredate | attribut:staffs.is_active | attribut:staffs.group_id | beziehung:groups → staffs | beziehung:staffs → groups,,
TC018,1,Kindertagesstätte,sa,0.0,0.5228070175438596,0.31368421052631573,0,1,1.0,0,0.6666666666666666,0.47368421052631576,0.3333333333333333,13,tabelle:staffs | attribut:groups.age_range | attribut:groups.room | attribut:children.notes | attribut:staffs.id | attribut:staffs.firstname | attribut:staffs.lastname | attribut:staffs.phone | attribut:staffs.hiredate | attribut:staffs.is_active | attribut:staffs.group_id | beziehung:groups → staffs | beziehung:staffs → groups,,
TC009,1,Reinigung,iw,1.0,0.58,0.748,1,1,1.0,0,0.6666666666666666,0.5333333333333333,0.5,9,tabelle:cleaning_jobs | attribut:locations.label | attribut:locations.access_note | attribut:cleaning_jobs.id | attribut:cleaning_jobs.location_id | attribut:cleaning_jobs.job_date | attribut:cleaning_jobs.status | attribut:cleaning_jobs.team_note | beziehung:cleaning_jobs → locations,,
TC009,1,Reinigung,mad,1.0,0.26666666666666666,0.56,1,1,1.0,0,0.3333333333333333,0.3333333333333333,0.0,14,tabelle:locations | tabelle:cleaning_jobs | attribut:locations.id | attribut:locations.customer_id | attribut:locations.label | attribut:locations.address | attribut:locations.access_note | attribut:cleaning_jobs.id | attribut:cleaning_jobs.location_id | attribut:cleaning_jobs.job_date | attribut:cleaning_jobs.status | attribut:cleaning_jobs.team_note | beziehung:cleaning_jobs → locations | beziehung:locations → customers,,
TC009,1,Reinigung,oa,1.0,0.58,0.748,1,1,1.0,0,0.6666666666666666,0.5333333333333333,0.5,9,tabelle:cleaning_jobs | attribut:locations.label | attribut:locations.access_note | attribut:cleaning_jobs.id | attribut:cleaning_jobs.location_id | attribut:cleaning_jobs.job_date | attribut:cleaning_jobs.status | attribut:cleaning_jobs.team_note | beziehung:cleaning_jobs → locations,,
TC009,1,Reinigung,ps,1.0,0.26666666666666666,0.56,1,1,1.0,0,0.3333333333333333,0.3333333333333333,0.0,14,tabelle:locations | tabelle:cleaning_jobs | attribut:locations.id | attribut:locations.customer_id | attribut:locations.label | attribut:locations.address | attribut:locations.access_note | attribut:cleaning_jobs.id | attribut:cleaning_jobs.location_id | attribut:cleaning_jobs.job_date | attribut:cleaning_jobs.status | attribut:cleaning_jobs.team_note | beziehung:cleaning_jobs → locations | beziehung:locations → customers,,
TC009,1,Reinigung,sa,1.0,0.26666666666666666,0.56,1,1,1.0,0,0.3333333333333333,0.3333333333333333,0.0,14,tabelle:locations | tabelle:cleaning_jobs | attribut:locations.id | attribut:locations.customer_id | attribut:locations.label | attribut:locations.address | attribut:locations.access_note | attribut:cleaning_jobs.id | attribut:cleaning_jobs.location_id | attribut:cleaning_jobs.job_date | attribut:cleaning_jobs.status | attribut:cleaning_jobs.team_note | beziehung:cleaning_jobs → locations | beziehung:locations → customers,,
TC023,1,Schreibwarengeschäft,iw,1.0,0.44166666666666665,0.665,1,1,1.0,0,0.6666666666666666,0.4375,0.0,12,tabelle:products | attribut:sales.product_id | attribut:sales.quantity | attribut:products.id | attribut:products.manufacturer_id | attribut:products.name | attribut:products.description | attribut:products.price | attribut:products.stock_quantity | attribut:products.is_active | beziehung:products → manufacturers | beziehung:sales → products,,
TC023,1,Schreibwarengeschäft,mad,1.0,0.44166666666666665,0.665,1,1,1.0,0,0.6666666666666666,0.4375,0.0,12,tabelle:products | attribut:sales.product_id | attribut:sales.quantity | attribut:products.id | attribut:products.manufacturer_id | attribut:products.name | attribut:products.description | attribut:products.price | attribut:products.stock_quantity | attribut:products.is_active | beziehung:products → manufacturers | beziehung:sales → products,,
TC023,1,Schreibwarengeschäft,oa,1.0,0.44166666666666665,0.665,1,1,1.0,0,0.6666666666666666,0.4375,0.0,12,tabelle:products | attribut:sales.product_id | attribut:sales.quantity | attribut:products.id | attribut:products.manufacturer_id | attribut:products.name | attribut:products.description | attribut:products.price | attribut:products.stock_quantity | attribut:products.is_active | beziehung:products → manufacturers | beziehung:sales → products,,
TC023,1,Schreibwarengeschäft,ps,1.0,0.44166666666666665,0.665,1,1,1.0,0,0.6666666666666666,0.4375,0.0,12,tabelle:products | attribut:sales.product_id | attribut:sales.quantity | attribut:products.id | attribut:products.manufacturer_id | attribut:products.name | attribut:products.description | attribut:products.price | attribut:products.stock_quantity | attribut:products.is_active | beziehung:products → manufacturers | beziehung:sales → products,,
TC023,1,Schreibwarengeschäft,sa,1.0,0.44166666666666665,0.665,1,1,1.0,0,0.6666666666666666,0.4375,0.0,12,tabelle:products | attribut:sales.product_id | attribut:sales.quantity | attribut:products.id | attribut:products.manufacturer_id | attribut:products.name | attribut:products.description | attribut:products.price | attribut:products.stock_quantity | attribut:products.is_active | beziehung:products → manufacturers | beziehung:sales → products,,
TC045,2,Personalverwaltung,iw,0.0,0.2566666666666667,0.15400000000000003,0,1,1.0,0,0.375,0.26666666666666666,0.0,32,tabelle:job_roles | tabelle:employees | tabelle:employee_projects | tabelle:employee_trainings | attribut:trainings.title | attribut:job_roles.id | attribut:job_roles.name | attribut:job_roles.description | attribut:employees.id | attribut:employees.firstname | attribut:employees.lastname | attribut:employees.email | attribut:employees.birthdate | attribut:employees.hiredate | attribut:employees.department_id | attribut:employees.job_role_id | attribut:employee_projects.id | attribut:employee_projects.employee_id | attribut:employee_projects.project_id | attribut:employee_projects.role_in_project | attribut:employee_projects.assignment_startdate | attribut:employee_trainings.id | attribut:employee_trainings.employee_id | attribut:employee_trainings.training_id | attribut:employee_trainings.participation_date | beziehung:departments → employees | beziehung:employee_projects → employees | beziehung:employee_projects → projects | beziehung:employee_trainings → employees | beziehung:employee_trainings → trainings | beziehung:employees → departments | beziehung:employees → job_roles,,
TC045,2,Personalverwaltung,mad,1.0,0.22008032128514055,0.5320481927710843,1,1,1.0,0,0.33333333333333326,0.21686746987951808,0.0,33,tabelle:job_roles | tabelle:employees | tabelle:employee_projects | tabelle:employee_trainings | attribut:departments.manager_employee_id | attribut:trainings.title | attribut:job_roles.id | attribut:job_roles.name | attribut:job_roles.description | attribut:employees.id | attribut:employees.firstname | attribut:employees.lastname | attribut:employees.email | attribut:employees.birthdate | attribut:employees.hiredate | attribut:employees.department_id | attribut:employees.job_role_id | attribut:employee_projects.id | attribut:employee_projects.employee_id | attribut:employee_projects.project_id | attribut:employee_projects.role_in_project | attribut:employee_projects.assignment_startdate | attribut:employee_trainings.id | attribut:employee_trainings.employee_id | attribut:employee_trainings.training_id | attribut:employee_trainings.participation_date | beziehung:departments → employees | beziehung:employee_projects → employees | beziehung:employee_projects → projects | beziehung:employee_trainings → employees | beziehung:employee_trainings → trainings | beziehung:employees → departments | beziehung:employees → job_roles,,
TC045,2,Personalverwaltung,oa,1.0,0.373015873015873,0.6238095238095238,1,1,1.0,0,0.5,0.3611111111111111,0.14285714285714285,27,tabelle:job_roles | tabelle:employee_projects | tabelle:employee_trainings | attribut:departments.manager_employee_id | attribut:employees.birthdate | attribut:employees.hiredate | attribut:employees.job_role_id | attribut:trainings.title | attribut:projects.enddate | attribut:job_roles.id | attribut:job_roles.name | attribut:job_roles.description | attribut:employee_projects.id | attribut:employee_projects.employee_id | attribut:employee_projects.project_id | attribut:employee_projects.role_in_project | attribut:employee_projects.assignment_startdate | attribut:employee_trainings.id | attribut:employee_trainings.employee_id | attribut:employee_trainings.training_id | attribut:employee_trainings.participation_date | beziehung:departments → employees | beziehung:employee_projects → employees | beziehung:employee_projects → projects | beziehung:employee_trainings → employees | beziehung:employee_trainings → trainings | beziehung:employees → job_roles,,
TC045,2,Personalverwaltung,ps,0.0,0.7384873949579833,0.44309243697479,0,1,1.0,0,0.7999999999999999,0.6176470588235294,0.8571428571428571,12,tabelle:job_roles | attribut:employees.firstname | attribut:employees.lastname | attribut:employees.hiredate | attribut:employees.job_role_id | attribut:trainings.title | attribut:employee_projects.role_in_project | attribut:employee_projects.assignment_startdate | attribut:job_roles.id | attribut:job_roles.name | attribut:job_roles.description | beziehung:employees → job_roles,,
TC045,2,Personalverwaltung,sa,0.0,0.7657142857142858,0.45942857142857146,0,1,1.0,0,0.7999999999999999,0.6857142857142857,0.8571428571428571,9,tabelle:job_roles | attribut:employees.job_role_id | attribut:trainings.title | attribut:employee_projects.role_in_project | attribut:employee_projects.assignment_startdate | attribut:job_roles.id | attribut:job_roles.name | attribut:job_roles.description | beziehung:employees → job_roles,,
TC047,2,Ticketsystem,iw,1.0,0.1394871794871795,0.48369230769230775,1,1,1.0,0,0.13333333333333333,0.2153846153846154,0.0,45,tabelle:reporters | tabelle:agents | tabelle:categories | tabelle:ticket_statuses | tabelle:priority_levels | tabelle:agent_tickets | tabelle:ticket_notes | attribut:tickets.category_id | attribut:tickets.resolved_at | attribut:reporters.id | attribut:reporters.firstname | attribut:reporters.lastname | attribut:reporters.email | attribut:reporters.department | attribut:agents.id | attribut:agents.firstname | attribut:agents.lastname | attribut:agents.email | attribut:agents.is_active | attribut:categories.id | attribut:categories.name | attribut:categories.description | attribut:ticket_statuses.id | attribut:ticket_statuses.name | attribut:ticket_statuses.is_closed | attribut:priority_levels.id | attribut:priority_levels.name | attribut:priority_levels.sort_order | attribut:agent_tickets.id | attribut:agent_tickets.agent_id | attribut:agent_tickets.ticket_id | attribut:agent_tickets.assigned_at | attribut:ticket_notes.id | attribut:ticket_notes.ticket_id | attribut:ticket_notes.agent_id | attribut:ticket_notes.note_text | attribut:ticket_notes.created_at | beziehung:agent_tickets → agents | beziehung:agent_tickets → tickets | beziehung:ticket_notes → agents | beziehung:ticket_notes → tickets | beziehung:tickets → categories | beziehung:tickets → priority_levels | beziehung:tickets → reporters | beziehung:tickets → ticket_statuses,,
TC047,2,Ticketsystem,mad,1.0,0.12093896713615024,0.47256338028169015,1,1,1.0,0,0.13333333333333333,0.16901408450704225,0.0,46,tabelle:reporters | tabelle:agents | tabelle:categories | tabelle:ticket_statuses | tabelle:priority_levels | tabelle:agent_tickets | tabelle:ticket_notes | attribut:tickets.category_id | attribut:tickets.title | attribut:tickets.resolved_at | attribut:reporters.id | attribut:reporters.firstname | attribut:reporters.lastname | attribut:reporters.email | attribut:reporters.department | attribut:agents.id | attribut:agents.firstname | attribut:agents.lastname | attribut:agents.email | attribut:agents.is_active | attribut:categories.id | attribut:categories.name | attribut:categories.description | attribut:ticket_statuses.id | attribut:ticket_statuses.name | attribut:ticket_statuses.is_closed | attribut:priority_levels.id | attribut:priority_levels.name | attribut:priority_levels.sort_order | attribut:agent_tickets.id | attribut:agent_tickets.agent_id | attribut:agent_tickets.ticket_id | attribut:agent_tickets.assigned_at | attribut:ticket_notes.id | attribut:ticket_notes.ticket_id | attribut:ticket_notes.agent_id | attribut:ticket_notes.note_text | attribut:ticket_notes.created_at | beziehung:agent_tickets → agents | beziehung:agent_tickets → tickets | beziehung:ticket_notes → agents | beziehung:ticket_notes → tickets | beziehung:tickets → categories | beziehung:tickets → priority_levels | beziehung:tickets → reporters | beziehung:tickets → ticket_statuses,,
TC047,2,Ticketsystem,oa,1.0,0.2066666666666667,0.524,1,1,1.0,0,0.26666666666666666,0.1875,0.125,44,tabelle:reporters | tabelle:agents | tabelle:categories | tabelle:ticket_statuses | tabelle:agent_tickets | tabelle:ticket_notes | attribut:priority_levels.name | attribut:priority_levels.sort_order | attribut:tickets.reporter_id | attribut:tickets.category_id | attribut:tickets.ticket_status_id | attribut:tickets.resolved_at | attribut:reporters.id | attribut:reporters.firstname | attribut:reporters.lastname | attribut:reporters.email | attribut:reporters.department | attribut:agents.id | attribut:agents.firstname | attribut:agents.lastname | attribut:agents.email | attribut:agents.is_active | attribut:categories.id | attribut:categories.name | attribut:categories.description | attribut:ticket_statuses.id | attribut:ticket_statuses.name | attribut:ticket_statuses.is_closed | attribut:agent_tickets.id | attribut:agent_tickets.agent_id | attribut:agent_tickets.ticket_id | attribut:agent_tickets.assigned_at | attribut:ticket_notes.id | attribut:ticket_notes.ticket_id | attribut:ticket_notes.agent_id | attribut:ticket_notes.note_text | attribut:ticket_notes.created_at | beziehung:agent_tickets → agents | beziehung:agent_tickets → tickets | beziehung:ticket_notes → agents | beziehung:ticket_notes → tickets | beziehung:tickets → categories | beziehung:tickets → reporters | beziehung:tickets → ticket_statuses,,
TC047,2,Ticketsystem,ps,1.0,0.12717948717948718,0.4763076923076923,1,1,1.0,0,0.13333333333333333,0.1846153846153846,0.0,46,tabelle:reporters | tabelle:agents | tabelle:categories | tabelle:ticket_statuses | tabelle:priority_levels | tabelle:agent_tickets | tabelle:ticket_notes | attribut:tickets.category_id | attribut:tickets.ticket_status_id | attribut:tickets.resolved_at | attribut:reporters.id | attribut:reporters.firstname | attribut:reporters.lastname | attribut:reporters.email | attribut:reporters.department | attribut:agents.id | attribut:agents.firstname | attribut:agents.lastname | attribut:agents.email | attribut:agents.is_active | attribut:categories.id | attribut:categories.name | attribut:categories.description | attribut:ticket_statuses.id | attribut:ticket_statuses.name | attribut:ticket_statuses.is_closed | attribut:priority_levels.id | attribut:priority_levels.name | attribut:priority_levels.sort_order | attribut:agent_tickets.id | attribut:agent_tickets.agent_id | attribut:agent_tickets.ticket_id | attribut:agent_tickets.assigned_at | attribut:ticket_notes.id | attribut:ticket_notes.ticket_id | attribut:ticket_notes.agent_id | attribut:ticket_notes.note_text | attribut:ticket_notes.created_at | beziehung:agent_tickets → agents | beziehung:agent_tickets → tickets | beziehung:ticket_notes → agents | beziehung:ticket_notes → tickets | beziehung:tickets → categories | beziehung:tickets → priority_levels | beziehung:tickets → reporters | beziehung:tickets → ticket_statuses,,
TC047,2,Ticketsystem,sa,1.0,0.333943661971831,0.6003661971830986,1,1,1.0,0,0.39999999999999997,0.3098591549295775,0.25,37,tabelle:reporters | tabelle:agents | tabelle:categories | tabelle:agent_tickets | tabelle:ticket_notes | attribut:ticket_statuses.is_closed | attribut:priority_levels.sort_order | attribut:tickets.category_id | attribut:tickets.resolved_at | attribut:reporters.id | attribut:reporters.firstname | attribut:reporters.lastname | attribut:reporters.email | attribut:reporters.department | attribut:agents.id | attribut:agents.firstname | attribut:agents.lastname | attribut:agents.email | attribut:agents.is_active | attribut:categories.id | attribut:categories.name | attribut:categories.description | attribut:agent_tickets.id | attribut:agent_tickets.agent_id | attribut:agent_tickets.ticket_id | attribut:agent_tickets.assigned_at | attribut:ticket_notes.id | attribut:ticket_notes.ticket_id | attribut:ticket_notes.agent_id | attribut:ticket_notes.note_text | attribut:ticket_notes.created_at | beziehung:agent_tickets → agents | beziehung:agent_tickets → tickets | beziehung:ticket_notes → agents | beziehung:ticket_notes → tickets | beziehung:tickets → categories | beziehung:tickets → reporters,,
TC048,2,Kundendienst,iw,1.0,0.24242424242424238,0.5454545454545454,1,1,1.0,0,0.33333333333333326,0.2727272727272727,0.0,40,tabelle:customer_products | tabelle:skills | tabelle:employee_skills | tabelle:service_requests | tabelle:employee_service_requests | attribut:products.product_type | attribut:employees.is_active | attribut:customer_products.id | attribut:customer_products.customer_id | attribut:customer_products.product_id | attribut:customer_products.serial_number | attribut:customer_products.purchase_date | attribut:skills.id | attribut:skills.name | attribut:skills.description | attribut:employee_skills.id | attribut:employee_skills.employee_id | attribut:employee_skills.skill_id | attribut:service_requests.id | attribut:service_requests.customer_id | attribut:service_requests.customer_product_id | attribut:service_requests.received_at | attribut:service_requests.subject | attribut:service_requests.description | attribut:service_requests.priority | attribut:service_requests.status | attribut:service_requests.resolution_text | attribut:service_requests.resolved_at | attribut:employee_service_requests.id | attribut:employee_service_requests.employee_id | attribut:employee_service_requests.service_request_id | attribut:employee_service_requests.assigned_at | beziehung:customer_products → customers | beziehung:customer_products → products | beziehung:employee_service_requests → employees | beziehung:employee_service_requests → service_requests | beziehung:employee_skills → employees | beziehung:employee_skills → skills | beziehung:service_requests → customer_products | beziehung:service_requests → customers,,
TC048,2,Kundendienst,mad,1.0,0.21565217391304348,0.5293913043478261,1,1,1.0,0,0.3,0.2391304347826087,0.0,41,tabelle:customer_products | tabelle:skills | tabelle:employee_skills | tabelle:service_requests | tabelle:employee_service_requests | attribut:products.product_type | attribut:customers.customer_type | attribut:employees.is_active | attribut:customer_products.id | attribut:customer_products.customer_id | attribut:customer_products.product_id | attribut:customer_products.serial_number | attribut:customer_products.purchase_date | attribut:skills.id | attribut:skills.name | attribut:skills.description | attribut:employee_skills.id | attribut:employee_skills.employee_id | attribut:employee_skills.skill_id | attribut:service_requests.id | attribut:service_requests.customer_id | attribut:service_requests.customer_product_id | attribut:service_requests.received_at | attribut:service_requests.subject | attribut:service_requests.description | attribut:service_requests.priority | attribut:service_requests.status | attribut:service_requests.resolution_text | attribut:service_requests.resolved_at | attribut:employee_service_requests.id | attribut:employee_service_requests.employee_id | attribut:employee_service_requests.service_request_id | attribut:employee_service_requests.assigned_at | beziehung:customer_products → customers | beziehung:customer_products → products | beziehung:employee_service_requests → employees | beziehung:employee_service_requests → service_requests | beziehung:employee_skills → employees | beziehung:employee_skills → skills | beziehung:service_requests → customer_products | beziehung:service_requests → customers,,
TC048,2,Kundendienst,oa,1.0,0.25140845070422535,0.5508450704225352,1,1,1.0,0,0.375,0.2535211267605634,0.0,43,tabelle:customer_products | tabelle:skills | tabelle:employee_skills | tabelle:service_requests | tabelle:employee_service_requests | attribut:employees.firstname | attribut:employees.lastname | attribut:employees.email | attribut:employees.is_active | attribut:customers.customer_type | attribut:customer_products.id | attribut:customer_products.customer_id | attribut:customer_products.product_id | attribut:customer_products.serial_number | attribut:customer_products.purchase_date | attribut:skills.id | attribut:skills.name | attribut:skills.description | attribut:employee_skills.id | attribut:employee_skills.employee_id | attribut:employee_skills.skill_id | attribut:service_requests.id | attribut:service_requests.customer_id | attribut:service_requests.customer_product_id | attribut:service_requests.received_at | attribut:service_requests.subject | attribut:service_requests.description | attribut:service_requests.priority | attribut:service_requests.status | attribut:service_requests.resolution_text | attribut:service_requests.resolved_at | attribut:employee_service_requests.id | attribut:employee_service_requests.employee_id | attribut:employee_service_requests.service_request_id | attribut:employee_service_requests.assigned_at | beziehung:customer_products → customers | beziehung:customer_products → products | beziehung:employee_service_requests → employees | beziehung:employee_service_requests → service_requests | beziehung:employee_skills → employees | beziehung:employee_skills → skills | beziehung:service_requests → customer_products | beziehung:service_requests → customers,,
TC048,2,Kundendienst,ps,1.0,0.2643478260869565,0.5586086956521739,1,1,1.0,0,0.39999999999999997,0.2608695652173913,0.0,43,tabelle:customer_products | tabelle:skills | tabelle:employee_skills | tabelle:service_requests | tabelle:employee_service_requests | attribut:employees.firstname | attribut:employees.lastname | attribut:employees.email | attribut:employees.is_active | attribut:customers.customer_type | attribut:customer_products.id | attribut:customer_products.customer_id | attribut:customer_products.product_id | attribut:customer_products.serial_number | attribut:customer_products.purchase_date | attribut:skills.id | attribut:skills.name | attribut:skills.description | attribut:employee_skills.id | attribut:employee_skills.employee_id | attribut:employee_skills.skill_id | attribut:service_requests.id | attribut:service_requests.customer_id | attribut:service_requests.customer_product_id | attribut:service_requests.received_at | attribut:service_requests.subject | attribut:service_requests.description | attribut:service_requests.priority | attribut:service_requests.status | attribut:service_requests.resolution_text | attribut:service_requests.resolved_at | attribut:employee_service_requests.id | attribut:employee_service_requests.employee_id | attribut:employee_service_requests.service_request_id | attribut:employee_service_requests.assigned_at | beziehung:customer_products → customers | beziehung:customer_products → products | beziehung:employee_service_requests → employees | beziehung:employee_service_requests → service_requests | beziehung:employee_skills → employees | beziehung:employee_skills → skills | beziehung:service_requests → customer_products | beziehung:service_requests → customers,,
TC048,2,Kundendienst,sa,1.0,0.26,0.556,1,1,1.0,0,0.375,0.275,0.0,41,tabelle:customer_products | tabelle:skills | tabelle:employee_skills | tabelle:service_requests | tabelle:employee_service_requests | attribut:employees.is_active | attribut:customers.customer_type | attribut:products.product_type | attribut:customer_products.id | attribut:customer_products.customer_id | attribut:customer_products.product_id | attribut:customer_products.serial_number | attribut:customer_products.purchase_date | attribut:skills.id | attribut:skills.name | attribut:skills.description | attribut:employee_skills.id | attribut:employee_skills.employee_id | attribut:employee_skills.skill_id | attribut:service_requests.id | attribut:service_requests.customer_id | attribut:service_requests.customer_product_id | attribut:service_requests.received_at | attribut:service_requests.subject | attribut:service_requests.description | attribut:service_requests.priority | attribut:service_requests.status | attribut:service_requests.resolution_text | attribut:service_requests.resolved_at | attribut:employee_service_requests.id | attribut:employee_service_requests.employee_id | attribut:employee_service_requests.service_request_id | attribut:employee_service_requests.assigned_at | beziehung:customer_products → customers | beziehung:customer_products → products | beziehung:employee_service_requests → employees | beziehung:employee_service_requests → service_requests | beziehung:employee_skills → employees | beziehung:employee_skills → skills | beziehung:service_requests → customer_products | beziehung:service_requests → customers,,
TC074,3,Rechtskanzlei,iw,1.0,0.15143992833949166,0.490863957003695,1,1,1.0,0,0.20512820512820512,0.14847161572052403,0.05,97,tabelle:practice_areas | tabelle:parties | tabelle:staff_members | tabelle:cases | tabelle:case_parties | tabelle:case_staff_members | tabelle:court_proceedings | tabelle:notes | tabelle:hearings | tabelle:hearing_staff_members | attribut:documents.case_id | attribut:documents.created_by_staff_member_id | attribut:documents.document_date | attribut:documents.note | attribut:courts.name | attribut:courts.city | attribut:invoices.case_id | attribut:deadlines.case_id | attribut:deadlines.due_date | attribut:deadlines.note | attribut:practice_areas.id | attribut:practice_areas.name | attribut:practice_areas.description | attribut:parties.id | attribut:parties.name | attribut:parties.party_type | attribut:parties.email | attribut:parties.phone | attribut:parties.address | attribut:parties.is_active | attribut:staff_members.id | attribut:staff_members.firstname | attribut:staff_members.lastname | attribut:staff_members.role | attribut:staff_members.email | attribut:staff_members.phone | attribut:staff_members.is_active | attribut:cases.id | attribut:cases.title | attribut:cases.description | attribut:cases.opened_date | attribut:cases.closed_date | attribut:cases.status | attribut:cases.reference_number | attribut:cases.practice_area_id | attribut:cases.lead_staff_member_id | attribut:case_parties.id | attribut:case_parties.case_id | attribut:case_parties.party_id | attribut:case_parties.party_role | attribut:case_staff_members.id | attribut:case_staff_members.case_id | attribut:case_staff_members.staff_member_id | attribut:case_staff_members.assignment_role | attribut:case_staff_members.assigned_from | attribut:case_staff_members.assigned_to | attribut:court_proceedings.id | attribut:court_proceedings.case_id | attribut:court_proceedings.court_id | attribut:court_proceedings.file_number | attribut:court_proceedings.instance | attribut:court_proceedings.start_date | attribut:court_proceedings.end_date | attribut:court_proceedings.status | attribut:notes.id | attribut:notes.case_id | attribut:notes.staff_member_id | attribut:notes.content | attribut:notes.created_at | attribut:hearings.id | attribut:hearings.court_proceeding_id | attribut:hearings.hearing_type | attribut:hearings.scheduled_at | attribut:hearings.location | attribut:hearings.status | attribut:hearing_staff_members.id | attribut:hearing_staff_members.hearing_id | attribut:hearing_staff_members.staff_member_id | beziehung:case_parties → cases | beziehung:case_parties → parties | beziehung:case_staff_members → cases | beziehung:case_staff_members → staff_members | beziehung:cases → practice_areas | beziehung:cases → staff_members | beziehung:court_proceedings → cases | beziehung:court_proceedings → courts | beziehung:deadlines → cases | beziehung:deadlines → staff_members | beziehung:documents → cases | beziehung:documents → staff_members | beziehung:hearing_staff_members → hearings | beziehung:hearing_staff_members → staff_members | beziehung:hearings → court_proceedings | beziehung:invoices → cases | beziehung:invoices → parties | beziehung:notes → cases | beziehung:notes → staff_members,,
TC074,3,Rechtskanzlei,mad,0.0,0.25407218374043017,0.15244331024425808,0,1,1.0,0,0.30769230769230765,0.22748815165876776,0.2,85,tabelle:practice_areas | tabelle:cases | tabelle:case_parties | tabelle:case_staff_members | tabelle:court_proceedings | tabelle:notes | tabelle:hearings | tabelle:hearing_staff_members | attribut:parties.name | attribut:parties.email | attribut:parties.phone | attribut:parties.address | attribut:parties.is_active | attribut:courts.court_type | attribut:courts.city | attribut:staff_members.role | attribut:documents.case_id | attribut:documents.document_date | attribut:documents.note | attribut:invoices.case_id | attribut:deadlines.case_id | attribut:deadlines.due_date | attribut:deadlines.is_pre_deadline | attribut:deadlines.status | attribut:deadlines.note | attribut:practice_areas.id | attribut:practice_areas.name | attribut:practice_areas.description | attribut:cases.id | attribut:cases.title | attribut:cases.description | attribut:cases.opened_date | attribut:cases.closed_date | attribut:cases.status | attribut:cases.reference_number | attribut:cases.practice_area_id | attribut:cases.lead_staff_member_id | attribut:case_parties.id | attribut:case_parties.case_id | attribut:case_parties.party_id | attribut:case_parties.party_role | attribut:case_staff_members.id | attribut:case_staff_members.case_id | attribut:case_staff_members.staff_member_id | attribut:case_staff_members.assignment_role | attribut:case_staff_members.assigned_from | attribut:case_staff_members.assigned_to | attribut:court_proceedings.id | attribut:court_proceedings.case_id | attribut:court_proceedings.court_id | attribut:court_proceedings.file_number | attribut:court_proceedings.instance | attribut:court_proceedings.start_date | attribut:court_proceedings.end_date | attribut:court_proceedings.status | attribut:notes.id | attribut:notes.case_id | attribut:notes.staff_member_id | attribut:notes.content | attribut:notes.created_at | attribut:hearings.id | attribut:hearings.court_proceeding_id | attribut:hearings.hearing_type | attribut:hearings.scheduled_at | attribut:hearings.location | attribut:hearings.status | attribut:hearing_staff_members.id | attribut:hearing_staff_members.hearing_id | attribut:hearing_staff_members.staff_member_id | beziehung:case_parties → cases | beziehung:case_parties → parties | beziehung:case_staff_members → cases | beziehung:case_staff_members → staff_members | beziehung:cases → practice_areas | beziehung:cases → staff_members | beziehung:court_proceedings → cases | beziehung:court_proceedings → courts | beziehung:deadlines → cases | beziehung:documents → cases | beziehung:hearing_staff_members → hearings | beziehung:hearing_staff_members → staff_members | beziehung:hearings → court_proceedings | beziehung:invoices → cases | beziehung:notes → cases | beziehung:notes → staff_members,,
TC074,3,Rechtskanzlei,oa,1.0,0.21755102040816326,0.530530612244898,1,1,1.0,0,0.3,0.19387755102040816,0.1,92,tabelle:practice_areas | tabelle:cases | tabelle:case_parties | tabelle:case_staff_members | tabelle:court_proceedings | tabelle:notes | tabelle:hearings | tabelle:hearing_staff_members | attribut:parties.email | attribut:parties.phone | attribut:parties.address | attribut:parties.is_active | attribut:staff_members.firstname | attribut:staff_members.lastname | attribut:staff_members.role | attribut:staff_members.email | attribut:staff_members.phone | attribut:staff_members.is_active | attribut:documents.case_id | attribut:documents.created_by_staff_member_id | attribut:documents.document_date | attribut:documents.note | attribut:courts.court_type | attribut:courts.city | attribut:invoices.case_id | attribut:invoices.status | attribut:deadlines.case_id | attribut:deadlines.is_pre_deadline | attribut:deadlines.status | attribut:deadlines.note | attribut:practice_areas.id | attribut:practice_areas.name | attribut:practice_areas.description | attribut:cases.id | attribut:cases.title | attribut:cases.description | attribut:cases.opened_date | attribut:cases.closed_date | attribut:cases.status | attribut:cases.reference_number | attribut:cases.practice_area_id | attribut:cases.lead_staff_member_id | attribut:case_parties.id | attribut:case_parties.case_id | attribut:case_parties.party_id | attribut:case_parties.party_role | attribut:case_staff_members.id | attribut:case_staff_members.case_id | attribut:case_staff_members.staff_member_id | attribut:case_staff_members.assignment_role | attribut:case_staff_members.assigned_from | attribut:case_staff_members.assigned_to | attribut:court_proceedings.id | attribut:court_proceedings.case_id | attribut:court_proceedings.court_id | attribut:court_proceedings.file_number | attribut:court_proceedings.instance | attribut:court_proceedings.start_date | attribut:court_proceedings.end_date | attribut:court_proceedings.status | attribut:notes.id | attribut:notes.case_id | attribut:notes.staff_member_id | attribut:notes.content | attribut:notes.created_at | attribut:hearings.id | attribut:hearings.court_proceeding_id | attribut:hearings.hearing_type | attribut:hearings.scheduled_at | attribut:hearings.location | attribut:hearings.status | attribut:hearing_staff_members.id | attribut:hearing_staff_members.hearing_id | attribut:hearing_staff_members.staff_member_id | beziehung:case_parties → cases | beziehung:case_parties → parties | beziehung:case_staff_members → cases | beziehung:case_staff_members → staff_members | beziehung:cases → practice_areas | beziehung:cases → staff_members | beziehung:court_proceedings → cases | beziehung:court_proceedings → courts | beziehung:deadlines → cases | beziehung:documents → cases | beziehung:documents → staff_members | beziehung:hearing_staff_members → hearings | beziehung:hearing_staff_members → staff_members | beziehung:hearings → court_proceedings | beziehung:invoices → cases | beziehung:invoices → parties | beziehung:notes → cases | beziehung:notes → staff_members,,
TC074,3,Rechtskanzlei,ps,1.0,0.26571428571428574,0.5594285714285715,1,1,1.0,0,0.39999999999999997,0.2142857142857143,0.1,93,tabelle:practice_areas | tabelle:cases | tabelle:case_parties | tabelle:case_staff_members | tabelle:court_proceedings | tabelle:notes | tabelle:hearings | tabelle:hearing_staff_members | attribut:parties.party_type | attribut:parties.email | attribut:parties.phone | attribut:parties.address | attribut:parties.is_active | attribut:courts.city | attribut:documents.case_id | attribut:documents.created_by_staff_member_id | attribut:documents.document_type | attribut:documents.document_date | attribut:documents.note | attribut:documents.is_official | attribut:invoices.case_id | attribut:invoices.recipient_party_id | attribut:deadlines.case_id | attribut:deadlines.status | attribut:deadlines.note | attribut:staff_members.firstname | attribut:staff_members.lastname | attribut:staff_members.role | attribut:staff_members.email | attribut:staff_members.phone | attribut:staff_members.is_active | attribut:practice_areas.id | attribut:practice_areas.name | attribut:practice_areas.description | attribut:cases.id | attribut:cases.title | attribut:cases.description | attribut:cases.opened_date | attribut:cases.closed_date | attribut:cases.status | attribut:cases.reference_number | attribut:cases.practice_area_id | attribut:cases.lead_staff_member_id | attribut:case_parties.id | attribut:case_parties.case_id | attribut:case_parties.party_id | attribut:case_parties.party_role | attribut:case_staff_members.id | attribut:case_staff_members.case_id | attribut:case_staff_members.staff_member_id | attribut:case_staff_members.assignment_role | attribut:case_staff_members.assigned_from | attribut:case_staff_members.assigned_to | attribut:court_proceedings.id | attribut:court_proceedings.case_id | attribut:court_proceedings.court_id | attribut:court_proceedings.file_number | attribut:court_proceedings.instance | attribut:court_proceedings.start_date | attribut:court_proceedings.end_date | attribut:court_proceedings.status | attribut:notes.id | attribut:notes.case_id | attribut:notes.staff_member_id | attribut:notes.content | attribut:notes.created_at | attribut:hearings.id | attribut:hearings.court_proceeding_id | attribut:hearings.hearing_type | attribut:hearings.scheduled_at | attribut:hearings.location | attribut:hearings.status | attribut:hearing_staff_members.id | attribut:hearing_staff_members.hearing_id | attribut:hearing_staff_members.staff_member_id | beziehung:case_parties → cases | beziehung:case_parties → parties | beziehung:case_staff_members → cases | beziehung:case_staff_members → staff_members | beziehung:cases → practice_areas | beziehung:cases → staff_members | beziehung:court_proceedings → cases | beziehung:court_proceedings → courts | beziehung:deadlines → cases | beziehung:documents → cases | beziehung:documents → staff_members | beziehung:hearing_staff_members → hearings | beziehung:hearing_staff_members → staff_members | beziehung:hearings → court_proceedings | beziehung:invoices → cases | beziehung:invoices → parties | beziehung:notes → cases | beziehung:notes → staff_members,,
TC074,3,Rechtskanzlei,sa,1.0,0.23691542288557216,0.5421492537313433,1,1,1.0,0,0.3333333333333333,0.20895522388059704,0.1,91,tabelle:practice_areas | tabelle:staff_members | tabelle:cases | tabelle:case_parties | tabelle:case_staff_members | tabelle:court_proceedings | tabelle:notes | tabelle:hearings | tabelle:hearing_staff_members | attribut:parties.party_type | attribut:parties.is_active | attribut:courts.city | attribut:documents.case_id | attribut:documents.created_by_staff_member_id | attribut:documents.document_date | attribut:documents.note | attribut:invoices.case_id | attribut:invoices.recipient_party_id | attribut:deadlines.case_id | attribut:deadlines.responsible_staff_member_id | attribut:deadlines.due_date | attribut:deadlines.note | attribut:practice_areas.id | attribut:practice_areas.name | attribut:practice_areas.description | attribut:staff_members.id | attribut:staff_members.firstname | attribut:staff_members.lastname | attribut:staff_members.role | attribut:staff_members.email | attribut:staff_members.phone | attribut:staff_members.is_active | attribut:cases.id | attribut:cases.title | attribut:cases.description | attribut:cases.opened_date | attribut:cases.closed_date | attribut:cases.status | attribut:cases.reference_number | attribut:cases.practice_area_id | attribut:cases.lead_staff_member_id | attribut:case_parties.id | attribut:case_parties.case_id | attribut:case_parties.party_id | attribut:case_parties.party_role | attribut:case_staff_members.id | attribut:case_staff_members.case_id | attribut:case_staff_members.staff_member_id | attribut:case_staff_members.assignment_role | attribut:case_staff_members.assigned_from | attribut:case_staff_members.assigned_to | attribut:court_proceedings.id | attribut:court_proceedings.case_id | attribut:court_proceedings.court_id | attribut:court_proceedings.file_number | attribut:court_proceedings.instance | attribut:court_proceedings.start_date | attribut:court_proceedings.end_date | attribut:court_proceedings.status | attribut:notes.id | attribut:notes.case_id | attribut:notes.staff_member_id | attribut:notes.content | attribut:notes.created_at | attribut:hearings.id | attribut:hearings.court_proceeding_id | attribut:hearings.hearing_type | attribut:hearings.scheduled_at | attribut:hearings.location | attribut:hearings.status | attribut:hearing_staff_members.id | attribut:hearing_staff_members.hearing_id | attribut:hearing_staff_members.staff_member_id | beziehung:case_parties → cases | beziehung:case_parties → parties | beziehung:case_staff_members → cases | beziehung:case_staff_members → staff_members | beziehung:cases → practice_areas | beziehung:cases → staff_members | beziehung:court_proceedings → cases | beziehung:court_proceedings → courts | beziehung:deadlines → cases | beziehung:deadlines → staff_members | beziehung:documents → cases | beziehung:documents → staff_members | beziehung:hearing_staff_members → hearings | beziehung:hearing_staff_members → staff_members | beziehung:hearings → court_proceedings | beziehung:invoices → cases | beziehung:notes → cases | beziehung:notes → staff_members,,
TC083,3,Börsenverwaltung,iw,1.0,0.2440901731224312,0.5464541038734587,1,1,1.0,0,0.3225806451612903,0.21621621621621623,0.14285714285714285,91,tabelle:institutions | tabelle:currencies | tabelle:employees | tabelle:exchanges | tabelle:exchange_instruments | tabelle:trades | tabelle:trade_charges | tabelle:prices | tabelle:holdings | attribut:depots.institution_id | attribut:depots.name | attribut:depots.opened_date | attribut:depots.closed_date | attribut:customers.tax_identifier | attribut:customers.is_active | attribut:customer_depots.valid_from | attribut:customer_depots.valid_to | attribut:instruments.ticker | attribut:instruments.issue_currency_id | attribut:institutions.id | attribut:institutions.name | attribut:institutions.institution_type | attribut:institutions.bic | attribut:institutions.country | attribut:currencies.id | attribut:currencies.code | attribut:currencies.name | attribut:employees.id | attribut:employees.firstname | attribut:employees.lastname | attribut:employees.employee_role | attribut:employees.email | attribut:employees.is_active | attribut:exchanges.id | attribut:exchanges.name | attribut:exchanges.mic | attribut:exchanges.country | attribut:exchanges.timezone | attribut:exchange_instruments.id | attribut:exchange_instruments.exchange_id | attribut:exchange_instruments.instrument_id | attribut:exchange_instruments.local_ticker | attribut:exchange_instruments.trading_currency_id | attribut:trades.id | attribut:trades.depot_id | attribut:trades.instrument_id | attribut:trades.exchange_id | attribut:trades.employee_id | attribut:trades.trade_type | attribut:trades.traded_at | attribut:trades.settlement_date | attribut:trades.quantity | attribut:trades.price | attribut:trades.price_currency_id | attribut:trades.order_reference | attribut:trades.notes | attribut:trade_charges.id | attribut:trade_charges.trade_id | attribut:trade_charges.charge_type | attribut:trade_charges.amount | attribut:trade_charges.currency_id | attribut:prices.id | attribut:prices.instrument_id | attribut:prices.exchange_id | attribut:prices.price_date | attribut:prices.price | attribut:prices.currency_id | attribut:holdings.id | attribut:holdings.depot_id | attribut:holdings.instrument_id | attribut:holdings.valid_from | attribut:holdings.valid_to | attribut:holdings.quantity | beziehung:depots → currencies | beziehung:depots → institutions | beziehung:exchange_instruments → currencies | beziehung:exchange_instruments → exchanges | beziehung:exchange_instruments → instruments | beziehung:holdings → depots | beziehung:holdings → instruments | beziehung:instruments → currencies | beziehung:prices → currencies | beziehung:prices → exchanges | beziehung:prices → instruments | beziehung:trade_charges → currencies | beziehung:trade_charges → trades | beziehung:trades → currencies | beziehung:trades → depots | beziehung:trades → employees | beziehung:trades → exchanges | beziehung:trades → instruments,,
TC083,3,Börsenverwaltung,mad,1.0,0.22331501831501835,0.5339890109890111,1,1,1.0,0,0.31250000000000006,0.17435897435897435,0.14285714285714285,94,tabelle:institutions | tabelle:currencies | tabelle:employees | tabelle:exchanges | tabelle:exchange_instruments | tabelle:trades | tabelle:trade_charges | tabelle:prices | tabelle:holdings | attribut:depots.institution_id | attribut:depots.name | attribut:depots.opened_date | attribut:depots.closed_date | attribut:customers.tax_identifier | attribut:customers.is_active | attribut:customer_depots.id | attribut:customer_depots.role | attribut:customer_depots.valid_from | attribut:customer_depots.valid_to | attribut:instruments.ticker | attribut:instruments.issue_currency_id | attribut:instruments.maturity_date | attribut:institutions.id | attribut:institutions.name | attribut:institutions.institution_type | attribut:institutions.bic | attribut:institutions.country | attribut:currencies.id | attribut:currencies.code | attribut:currencies.name | attribut:employees.id | attribut:employees.firstname | attribut:employees.lastname | attribut:employees.employee_role | attribut:employees.email | attribut:employees.is_active | attribut:exchanges.id | attribut:exchanges.name | attribut:exchanges.mic | attribut:exchanges.country | attribut:exchanges.timezone | attribut:exchange_instruments.id | attribut:exchange_instruments.exchange_id | attribut:exchange_instruments.instrument_id | attribut:exchange_instruments.local_ticker | attribut:exchange_instruments.trading_currency_id | attribut:trades.id | attribut:trades.depot_id | attribut:trades.instrument_id | attribut:trades.exchange_id | attribut:trades.employee_id | attribut:trades.trade_type | attribut:trades.traded_at | attribut:trades.settlement_date | attribut:trades.quantity | attribut:trades.price | attribut:trades.price_currency_id | attribut:trades.order_reference | attribut:trades.notes | attribut:trade_charges.id | attribut:trade_charges.trade_id | attribut:trade_charges.charge_type | attribut:trade_charges.amount | attribut:trade_charges.currency_id | attribut:prices.id | attribut:prices.instrument_id | attribut:prices.exchange_id | attribut:prices.price_date | attribut:prices.price | attribut:prices.currency_id | attribut:holdings.id | attribut:holdings.depot_id | attribut:holdings.instrument_id | attribut:holdings.valid_from | attribut:holdings.valid_to | attribut:holdings.quantity | beziehung:depots → currencies | beziehung:depots → institutions | beziehung:exchange_instruments → currencies | beziehung:exchange_instruments → exchanges | beziehung:exchange_instruments → instruments | beziehung:holdings → depots | beziehung:holdings → instruments | beziehung:instruments → currencies | beziehung:prices → currencies | beziehung:prices → exchanges | beziehung:prices → instruments | beziehung:trade_charges → currencies | beziehung:trade_charges → trades | beziehung:trades → currencies | beziehung:trades → depots | beziehung:trades → employees | beziehung:trades → exchanges | beziehung:trades → instruments,,
TC083,3,Börsenverwaltung,oa,1.0,0.11026584357007752,0.46615950614204654,1,1,1.0,0,0.1379310344827586,0.1139240506329114,0.047619047619047616,107,tabelle:customers | tabelle:institutions | tabelle:currencies | tabelle:customer_depots | tabelle:employees | tabelle:issuers | tabelle:instruments | tabelle:exchanges | tabelle:exchange_instruments | tabelle:trades | tabelle:trade_charges | tabelle:prices | attribut:holdings.valid_to | attribut:depots.institution_id | attribut:depots.name | attribut:depots.closed_date | attribut:customers.id | attribut:customers.customer_type | attribut:customers.name | attribut:customers.tax_identifier | attribut:customers.is_active | attribut:institutions.id | attribut:institutions.name | attribut:institutions.institution_type | attribut:institutions.bic | attribut:institutions.country | attribut:currencies.id | attribut:currencies.code | attribut:currencies.name | attribut:customer_depots.id | attribut:customer_depots.customer_id | attribut:customer_depots.depot_id | attribut:customer_depots.role | attribut:customer_depots.valid_from | attribut:customer_depots.valid_to | attribut:employees.id | attribut:employees.firstname | attribut:employees.lastname | attribut:employees.employee_role | attribut:employees.email | attribut:employees.is_active | attribut:issuers.id | attribut:issuers.name | attribut:issuers.issuer_type | attribut:issuers.country | attribut:instruments.id | attribut:instruments.issuer_id | attribut:instruments.instrument_type | attribut:instruments.name | attribut:instruments.isin | attribut:instruments.ticker | attribut:instruments.issue_currency_id | attribut:instruments.maturity_date | attribut:exchanges.id | attribut:exchanges.name | attribut:exchanges.mic | attribut:exchanges.country | attribut:exchanges.timezone | attribut:exchange_instruments.id | attribut:exchange_instruments.exchange_id | attribut:exchange_instruments.instrument_id | attribut:exchange_instruments.local_ticker | attribut:exchange_instruments.trading_currency_id | attribut:trades.id | attribut:trades.depot_id | attribut:trades.instrument_id | attribut:trades.exchange_id | attribut:trades.employee_id | attribut:trades.trade_type | attribut:trades.traded_at | attribut:trades.settlement_date | attribut:trades.quantity | attribut:trades.price | attribut:trades.price_currency_id | attribut:trades.order_reference | attribut:trades.notes | attribut:trade_charges.id | attribut:trade_charges.trade_id | attribut:trade_charges.charge_type | attribut:trade_charges.amount | attribut:trade_charges.currency_id | attribut:prices.id | attribut:prices.instrument_id | attribut:prices.exchange_id | attribut:prices.price_date | attribut:prices.price | attribut:prices.currency_id | beziehung:customer_depots → customers | beziehung:customer_depots → depots | beziehung:depots → currencies | beziehung:depots → institutions | beziehung:exchange_instruments → currencies | beziehung:exchange_instruments → exchanges | beziehung:exchange_instruments → instruments | beziehung:holdings → instruments | beziehung:instruments → currencies | beziehung:instruments → issuers | beziehung:prices → currencies | beziehung:prices → exchanges | beziehung:prices → instruments | beziehung:trade_charges → currencies | beziehung:trade_charges → trades | beziehung:trades → currencies | beziehung:trades → depots | beziehung:trades → employees | beziehung:trades → exchanges | beziehung:trades → instruments,,
TC083,3,Börsenverwaltung,ps,1.0,0.24735157041540023,0.5484109422492401,1,1,1.0,0,0.32,0.22695035460992907,0.14285714285714285,96,tabelle:institutions | tabelle:currencies | tabelle:employees | tabelle:issuers | tabelle:instruments | tabelle:exchanges | tabelle:exchange_instruments | tabelle:trades | tabelle:trade_charges | tabelle:prices | attribut:depots.institution_id | attribut:depots.name | attribut:depots.closed_date | attribut:customers.tax_identifier | attribut:customers.is_active | attribut:customer_depots.role | attribut:customer_depots.valid_from | attribut:customer_depots.valid_to | attribut:institutions.id | attribut:institutions.name | attribut:institutions.institution_type | attribut:institutions.bic | attribut:institutions.country | attribut:currencies.id | attribut:currencies.code | attribut:currencies.name | attribut:employees.id | attribut:employees.firstname | attribut:employees.lastname | attribut:employees.employee_role | attribut:employees.email | attribut:employees.is_active | attribut:issuers.id | attribut:issuers.name | attribut:issuers.issuer_type | attribut:issuers.country | attribut:instruments.id | attribut:instruments.issuer_id | attribut:instruments.instrument_type | attribut:instruments.name | attribut:instruments.isin | attribut:instruments.ticker | attribut:instruments.issue_currency_id | attribut:instruments.maturity_date | attribut:exchanges.id | attribut:exchanges.name | attribut:exchanges.mic | attribut:exchanges.country | attribut:exchanges.timezone | attribut:exchange_instruments.id | attribut:exchange_instruments.exchange_id | attribut:exchange_instruments.instrument_id | attribut:exchange_instruments.local_ticker | attribut:exchange_instruments.trading_currency_id | attribut:trades.id | attribut:trades.depot_id | attribut:trades.instrument_id | attribut:trades.exchange_id | attribut:trades.employee_id | attribut:trades.trade_type | attribut:trades.traded_at | attribut:trades.settlement_date | attribut:trades.quantity | attribut:trades.price | attribut:trades.price_currency_id | attribut:trades.order_reference | attribut:trades.notes | attribut:trade_charges.id | attribut:trade_charges.trade_id | attribut:trade_charges.charge_type | attribut:trade_charges.amount | attribut:trade_charges.currency_id | attribut:prices.id | attribut:prices.instrument_id | attribut:prices.exchange_id | attribut:prices.price_date | attribut:prices.price | attribut:prices.currency_id | beziehung:depots → currencies | beziehung:depots → institutions | beziehung:exchange_instruments → currencies | beziehung:exchange_instruments → exchanges | beziehung:exchange_instruments → instruments | beziehung:holdings → instruments | beziehung:instruments → currencies | beziehung:instruments → issuers | beziehung:prices → currencies | beziehung:prices → exchanges | beziehung:prices → instruments | beziehung:trade_charges → currencies | beziehung:trade_charges → trades | beziehung:trades → currencies | beziehung:trades → depots | beziehung:trades → employees | beziehung:trades → exchanges | beziehung:trades → instruments,,
TC083,3,Börsenverwaltung,sa,1.0,0.1428766189502386,0.4857259713701432,1,1,1.0,0,0.22222222222222224,0.13496932515337423,0.0,105,tabelle:institutions | tabelle:currencies | tabelle:customer_depots | tabelle:employees | tabelle:issuers | tabelle:exchanges | tabelle:exchange_instruments | tabelle:trades | tabelle:trade_charges | tabelle:prices | tabelle:holdings | attribut:depots.institution_id | attribut:depots.name | attribut:depots.opened_date | attribut:depots.closed_date | attribut:customers.tax_identifier | attribut:customers.is_active | attribut:instruments.ticker | attribut:instruments.issue_currency_id | attribut:instruments.maturity_date | attribut:institutions.id | attribut:institutions.name | attribut:institutions.institution_type | attribut:institutions.bic | attribut:institutions.country | attribut:currencies.id | attribut:currencies.code | attribut:currencies.name | attribut:customer_depots.id | attribut:customer_depots.customer_id | attribut:customer_depots.depot_id | attribut:customer_depots.role | attribut:customer_depots.valid_from | attribut:customer_depots.valid_to | attribut:employees.id | attribut:employees.firstname | attribut:employees.lastname | attribut:employees.employee_role | attribut:employees.email | attribut:employees.is_active | attribut:issuers.id | attribut:issuers.name | attribut:issuers.issuer_type | attribut:issuers.country | attribut:exchanges.id | attribut:exchanges.name | attribut:exchanges.mic | attribut:exchanges.country | attribut:exchanges.timezone | attribut:exchange_instruments.id | attribut:exchange_instruments.exchange_id | attribut:exchange_instruments.instrument_id | attribut:exchange_instruments.local_ticker | attribut:exchange_instruments.trading_currency_id | attribut:trades.id | attribut:trades.depot_id | attribut:trades.instrument_id | attribut:trades.exchange_id | attribut:trades.employee_id | attribut:trades.trade_type | attribut:trades.traded_at | attribut:trades.settlement_date | attribut:trades.quantity | attribut:trades.price | attribut:trades.price_currency_id | attribut:trades.order_reference | attribut:trades.notes | attribut:trade_charges.id | attribut:trade_charges.trade_id | attribut:trade_charges.charge_type | attribut:trade_charges.amount | attribut:trade_charges.currency_id | attribut:prices.id | attribut:prices.instrument_id | attribut:prices.exchange_id | attribut:prices.price_date | attribut:prices.price | attribut:prices.currency_id | attribut:holdings.id | attribut:holdings.depot_id | attribut:holdings.instrument_id | attribut:holdings.valid_from | attribut:holdings.valid_to | attribut:holdings.quantity | beziehung:customer_depots → customers | beziehung:customer_depots → depots | beziehung:depots → currencies | beziehung:depots → institutions | beziehung:exchange_instruments → currencies | beziehung:exchange_instruments → exchanges | beziehung:exchange_instruments → instruments | beziehung:holdings → depots | beziehung:holdings → instruments | beziehung:instruments → currencies | beziehung:instruments → issuers | beziehung:prices → currencies | beziehung:prices → exchanges | beziehung:prices → instruments | beziehung:trade_charges → currencies | beziehung:trade_charges → trades | beziehung:trades → currencies | beziehung:trades → depots | beziehung:trades → employees | beziehung:trades → exchanges | beziehung:trades → instruments,,
TC088,3,Internationale Handelsverwaltung,iw,1.0,0.29239648244132554,0.5754378894647953,1,1,1.0,0,0.4571428571428572,0.25112107623318386,0.045454545454545456,84,tabelle:company_branches | tabelle:company_branch_contacts | tabelle:payment_terms | tabelle:products | tabelle:product_prices | tabelle:trade_orders | tabelle:trade_documents | attribut:companies.is_active | attribut:shipments.origin_country_id | attribut:shipments.destination_country_id | attribut:shipments.transport_mode | attribut:shipments.notes | attribut:contacts.is_active | attribut:countries.iso_code | attribut:trade_order_items.product_id | attribut:company_branches.id | attribut:company_branches.company_id | attribut:company_branches.branch_name | attribut:company_branches.address_line | attribut:company_branches.city | attribut:company_branches.postal_code | attribut:company_branches.country_id | attribut:company_branch_contacts.id | attribut:company_branch_contacts.company_branch_id | attribut:company_branch_contacts.contact_id | attribut:company_branch_contacts.role_name | attribut:payment_terms.id | attribut:payment_terms.name | attribut:payment_terms.description | attribut:products.id | attribut:products.internal_number | attribut:products.name | attribut:products.description | attribut:products.commodity_group | attribut:products.customs_tariff_number | attribut:products.origin_country_id | attribut:products.is_active | attribut:product_prices.id | attribut:product_prices.product_id | attribut:product_prices.company_id | attribut:product_prices.currency_id | attribut:product_prices.price_type | attribut:product_prices.valid_from | attribut:product_prices.valid_to | attribut:product_prices.unit_price | attribut:trade_orders.id | attribut:trade_orders.order_type | attribut:trade_orders.company_id | attribut:trade_orders.company_branch_id | attribut:trade_orders.order_date | attribut:trade_orders.status | attribut:trade_orders.currency_id | attribut:trade_orders.payment_term_id | attribut:trade_orders.incoterm | attribut:trade_orders.transport_mode | attribut:trade_orders.trade_country_id | attribut:trade_documents.id | attribut:trade_documents.document_type_id | attribut:trade_documents.trade_order_id | attribut:trade_documents.trade_order_item_id | attribut:trade_documents.document_number | attribut:trade_documents.issue_date | attribut:trade_documents.notes | beziehung:company_branch_contacts → company_branches | beziehung:company_branch_contacts → contacts | beziehung:company_branches → companies | beziehung:company_branches → countries | beziehung:product_prices → companies | beziehung:product_prices → currencies | beziehung:product_prices → products | beziehung:products → countries | beziehung:shipments → countries | beziehung:shipments_trade_orders → shipments | beziehung:shipments_trade_orders → trade_orders | beziehung:trade_documents → document_types | beziehung:trade_documents → trade_order_items | beziehung:trade_documents → trade_orders | beziehung:trade_order_items → products | beziehung:trade_order_items → trade_orders | beziehung:trade_orders → companies | beziehung:trade_orders → company_branches | beziehung:trade_orders → countries | beziehung:trade_orders → currencies | beziehung:trade_orders → payment_terms,,
TC088,3,Internationale Handelsverwaltung,mad,1.0,0.15614638723803567,0.49368783234282143,1,1,1.0,0,0.26086956521739135,0.1294964028776978,0.0,97,tabelle:company_branches | tabelle:company_branch_contacts | tabelle:products | tabelle:product_prices | tabelle:trade_orders | tabelle:trade_order_items | tabelle:document_types | tabelle:trade_documents | tabelle:shipments | attribut:companies.country_id | attribut:payment_terms.name | attribut:currencies.code | attribut:currencies.name | attribut:countries.name | attribut:countries.iso_code | attribut:company_branches.id | attribut:company_branches.company_id | attribut:company_branches.branch_name | attribut:company_branches.address_line | attribut:company_branches.city | attribut:company_branches.postal_code | attribut:company_branches.country_id | attribut:company_branch_contacts.id | attribut:company_branch_contacts.company_branch_id | attribut:company_branch_contacts.contact_id | attribut:company_branch_contacts.role_name | attribut:products.id | attribut:products.internal_number | attribut:products.name | attribut:products.description | attribut:products.commodity_group | attribut:products.customs_tariff_number | attribut:products.origin_country_id | attribut:products.is_active | attribut:product_prices.id | attribut:product_prices.product_id | attribut:product_prices.company_id | attribut:product_prices.currency_id | attribut:product_prices.price_type | attribut:product_prices.valid_from | attribut:product_prices.valid_to | attribut:product_prices.unit_price | attribut:trade_orders.id | attribut:trade_orders.order_type | attribut:trade_orders.company_id | attribut:trade_orders.company_branch_id | attribut:trade_orders.order_date | attribut:trade_orders.status | attribut:trade_orders.currency_id | attribut:trade_orders.payment_term_id | attribut:trade_orders.incoterm | attribut:trade_orders.transport_mode | attribut:trade_orders.trade_country_id | attribut:trade_order_items.id | attribut:trade_order_items.trade_order_id | attribut:trade_order_items.product_id | attribut:trade_order_items.quantity | attribut:trade_order_items.unit_price | attribut:trade_order_items.discount_amount | attribut:document_types.id | attribut:document_types.name | attribut:trade_documents.id | attribut:trade_documents.document_type_id | attribut:trade_documents.trade_order_id | attribut:trade_documents.trade_order_item_id | attribut:trade_documents.document_number | attribut:trade_documents.issue_date | attribut:trade_documents.notes | attribut:shipments.id | attribut:shipments.shipment_number | attribut:shipments.shipment_date | attribut:shipments.origin_country_id | attribut:shipments.destination_country_id | attribut:shipments.transport_mode | attribut:shipments.notes | beziehung:companies → countries | beziehung:company_branch_contacts → company_branches | beziehung:company_branch_contacts → contacts | beziehung:company_branches → companies | beziehung:company_branches → countries | beziehung:product_prices → companies | beziehung:product_prices → currencies | beziehung:product_prices → products | beziehung:products → countries | beziehung:shipments → countries | beziehung:shipments_trade_orders → shipments | beziehung:shipments_trade_orders → trade_orders | beziehung:trade_documents → document_types | beziehung:trade_documents → trade_order_items | beziehung:trade_documents → trade_orders | beziehung:trade_order_items → products | beziehung:trade_order_items → trade_orders | beziehung:trade_orders → companies | beziehung:trade_orders → company_branches | beziehung:trade_orders → countries | beziehung:trade_orders → currencies | beziehung:trade_orders → payment_terms,,
TC088,3,Internationale Handelsverwaltung,oa,1.0,0.21119934282584885,0.5267196056955094,1,1,1.0,0,0.3125,0.1927710843373494,0.045454545454545456,99,tabelle:company_branches | tabelle:company_branch_contacts | tabelle:countries | tabelle:currencies | tabelle:payment_terms | tabelle:products | tabelle:product_prices | tabelle:trade_orders | tabelle:document_types | tabelle:trade_documents | attribut:companies.name | attribut:companies.company_type | attribut:companies.country_id | attribut:companies.tax_identifier | attribut:companies.is_active | attribut:shipments.shipment_date | attribut:shipments.transport_mode | attribut:shipments.notes | attribut:contacts.firstname | attribut:contacts.lastname | attribut:contacts.is_active | attribut:trade_order_items.product_id | attribut:company_branches.id | attribut:company_branches.company_id | attribut:company_branches.branch_name | attribut:company_branches.address_line | attribut:company_branches.city | attribut:company_branches.postal_code | attribut:company_branches.country_id | attribut:company_branch_contacts.id | attribut:company_branch_contacts.company_branch_id | attribut:company_branch_contacts.contact_id | attribut:company_branch_contacts.role_name | attribut:countries.id | attribut:countries.name | attribut:countries.iso_code | attribut:currencies.id | attribut:currencies.code | attribut:currencies.name | attribut:payment_terms.id | attribut:payment_terms.name | attribut:payment_terms.description | attribut:products.id | attribut:products.internal_number | attribut:products.name | attribut:products.description | attribut:products.commodity_group | attribut:products.customs_tariff_number | attribut:products.origin_country_id | attribut:products.is_active | attribut:product_prices.id | attribut:product_prices.product_id | attribut:product_prices.company_id | attribut:product_prices.currency_id | attribut:product_prices.price_type | attribut:product_prices.valid_from | attribut:product_prices.valid_to | attribut:product_prices.unit_price | attribut:trade_orders.id | attribut:trade_orders.order_type | attribut:trade_orders.company_id | attribut:trade_orders.company_branch_id | attribut:trade_orders.order_date | attribut:trade_orders.status | attribut:trade_orders.currency_id | attribut:trade_orders.payment_term_id | attribut:trade_orders.incoterm | attribut:trade_orders.transport_mode | attribut:trade_orders.trade_country_id | attribut:document_types.id | attribut:document_types.name | attribut:trade_documents.id | attribut:trade_documents.document_type_id | attribut:trade_documents.trade_order_id | attribut:trade_documents.trade_order_item_id | attribut:trade_documents.document_number | attribut:trade_documents.issue_date | attribut:trade_documents.notes | beziehung:companies → countries | beziehung:company_branch_contacts → company_branches | beziehung:company_branch_contacts → contacts | beziehung:company_branches → companies | beziehung:company_branches → countries | beziehung:product_prices → companies | beziehung:product_prices → currencies | beziehung:product_prices → products | beziehung:products → countries | beziehung:shipments → countries | beziehung:shipments_trade_orders → trade_orders | beziehung:trade_documents → document_types | beziehung:trade_documents → trade_order_items | beziehung:trade_documents → trade_orders | beziehung:trade_order_items → products | beziehung:trade_order_items → trade_orders | beziehung:trade_orders → companies | beziehung:trade_orders → company_branches | beziehung:trade_orders → countries | beziehung:trade_orders → currencies | beziehung:trade_orders → payment_terms,,
TC088,3,Internationale Handelsverwaltung,ps,1.0,0.20673796791443852,0.5240427807486632,1,1,1.0,0,0.29411764705882354,0.19999999999999998,0.045454545454545456,97,tabelle:company_branches | tabelle:company_branch_contacts | tabelle:countries | tabelle:currencies | tabelle:payment_terms | tabelle:products | tabelle:product_prices | tabelle:trade_orders | tabelle:document_types | tabelle:trade_documents | attribut:companies.name | attribut:companies.country_id | attribut:companies.tax_identifier | attribut:companies.is_active | attribut:shipments.transport_mode | attribut:shipments.notes | attribut:contacts.firstname | attribut:contacts.lastname | attribut:contacts.is_active | attribut:trade_order_items.product_id | attribut:company_branches.id | attribut:company_branches.company_id | attribut:company_branches.branch_name | attribut:company_branches.address_line | attribut:company_branches.city | attribut:company_branches.postal_code | attribut:company_branches.country_id | attribut:company_branch_contacts.id | attribut:company_branch_contacts.company_branch_id | attribut:company_branch_contacts.contact_id | attribut:company_branch_contacts.role_name | attribut:countries.id | attribut:countries.name | attribut:countries.iso_code | attribut:currencies.id | attribut:currencies.code | attribut:currencies.name | attribut:payment_terms.id | attribut:payment_terms.name | attribut:payment_terms.description | attribut:products.id | attribut:products.internal_number | attribut:products.name | attribut:products.description | attribut:products.commodity_group | attribut:products.customs_tariff_number | attribut:products.origin_country_id | attribut:products.is_active | attribut:product_prices.id | attribut:product_prices.product_id | attribut:product_prices.company_id | attribut:product_prices.currency_id | attribut:product_prices.price_type | attribut:product_prices.valid_from | attribut:product_prices.valid_to | attribut:product_prices.unit_price | attribut:trade_orders.id | attribut:trade_orders.order_type | attribut:trade_orders.company_id | attribut:trade_orders.company_branch_id | attribut:trade_orders.order_date | attribut:trade_orders.status | attribut:trade_orders.currency_id | attribut:trade_orders.payment_term_id | attribut:trade_orders.incoterm | attribut:trade_orders.transport_mode | attribut:trade_orders.trade_country_id | attribut:document_types.id | attribut:document_types.name | attribut:trade_documents.id | attribut:trade_documents.document_type_id | attribut:trade_documents.trade_order_id | attribut:trade_documents.trade_order_item_id | attribut:trade_documents.document_number | attribut:trade_documents.issue_date | attribut:trade_documents.notes | beziehung:companies → countries | beziehung:company_branch_contacts → company_branches | beziehung:company_branch_contacts → contacts | beziehung:company_branches → companies | beziehung:company_branches → countries | beziehung:product_prices → companies | beziehung:product_prices → currencies | beziehung:product_prices → products | beziehung:products → countries | beziehung:shipments → countries | beziehung:shipments_trade_orders → trade_orders | beziehung:trade_documents → document_types | beziehung:trade_documents → trade_order_items | beziehung:trade_documents → trade_orders | beziehung:trade_order_items → products | beziehung:trade_order_items → trade_orders | beziehung:trade_orders → companies | beziehung:trade_orders → company_branches | beziehung:trade_orders → countries | beziehung:trade_orders → currencies | beziehung:trade_orders → payment_terms,,
TC088,3,Internationale Handelsverwaltung,sa,1.0,0.2383262913997547,0.5429957748398528,1,1,1.0,0,0.3448275862068965,0.2282608695652174,0.045454545454545456,94,tabelle:company_branches | tabelle:company_branch_contacts | tabelle:countries | tabelle:currencies | tabelle:payment_terms | tabelle:products | tabelle:product_prices | tabelle:trade_orders | tabelle:document_types | tabelle:trade_documents | attribut:companies.country_id | attribut:companies.is_active | attribut:shipments.shipment_date | attribut:shipments.transport_mode | attribut:shipments.notes | attribut:contacts.is_active | attribut:trade_order_items.product_id | attribut:company_branches.id | attribut:company_branches.company_id | attribut:company_branches.branch_name | attribut:company_branches.address_line | attribut:company_branches.city | attribut:company_branches.postal_code | attribut:company_branches.country_id | attribut:company_branch_contacts.id | attribut:company_branch_contacts.company_branch_id | attribut:company_branch_contacts.contact_id | attribut:company_branch_contacts.role_name | attribut:countries.id | attribut:countries.name | attribut:countries.iso_code | attribut:currencies.id | attribut:currencies.code | attribut:currencies.name | attribut:payment_terms.id | attribut:payment_terms.name | attribut:payment_terms.description | attribut:products.id | attribut:products.internal_number | attribut:products.name | attribut:products.description | attribut:products.commodity_group | attribut:products.customs_tariff_number | attribut:products.origin_country_id | attribut:products.is_active | attribut:product_prices.id | attribut:product_prices.product_id | attribut:product_prices.company_id | attribut:product_prices.currency_id | attribut:product_prices.price_type | attribut:product_prices.valid_from | attribut:product_prices.valid_to | attribut:product_prices.unit_price | attribut:trade_orders.id | attribut:trade_orders.order_type | attribut:trade_orders.company_id | attribut:trade_orders.company_branch_id | attribut:trade_orders.order_date | attribut:trade_orders.status | attribut:trade_orders.currency_id | attribut:trade_orders.payment_term_id | attribut:trade_orders.incoterm | attribut:trade_orders.transport_mode | attribut:trade_orders.trade_country_id | attribut:document_types.id | attribut:document_types.name | attribut:trade_documents.id | attribut:trade_documents.document_type_id | attribut:trade_documents.trade_order_id | attribut:trade_documents.trade_order_item_id | attribut:trade_documents.document_number | attribut:trade_documents.issue_date | attribut:trade_documents.notes | beziehung:companies → countries | beziehung:company_branch_contacts → company_branches | beziehung:company_branch_contacts → contacts | beziehung:company_branches → companies | beziehung:company_branches → countries | beziehung:product_prices → companies | beziehung:product_prices → currencies | beziehung:product_prices → products | beziehung:products → countries | beziehung:shipments → countries | beziehung:shipments_trade_orders → trade_orders | beziehung:trade_documents → document_types | beziehung:trade_documents → trade_order_items | beziehung:trade_documents → trade_orders | beziehung:trade_order_items → products | beziehung:trade_order_items → trade_orders | beziehung:trade_orders → companies | beziehung:trade_orders → company_branches | beziehung:trade_orders → countries | beziehung:trade_orders → currencies | beziehung:trade_orders → payment_terms,,
TC095,3,Kulturerbe-Inventarsystem,iw,1.0,0.28471709350804053,0.5708302561048243,1,1,1.0,0,0.4,0.24657534246575338,0.13043478260869565,93,tabelle:object_types | tabelle:acquisition_types | tabelle:parties | tabelle:heritage_objects | tabelle:object_parties | tabelle:condition_reports | tabelle:conservation_actions | tabelle:documents | tabelle:document_heritage_objects | attribut:object_materials.id | attribut:object_materials.heritage_object_id | attribut:object_locations.heritage_object_id | attribut:object_locations.role_id | attribut:object_locations.startdate | attribut:object_locations.enddate | attribut:object_locations.note | attribut:loans.heritage_object_id | attribut:loans.note | attribut:locations.parent_location_id | attribut:exhibition_heritage_objects.id | attribut:exhibition_heritage_objects.heritage_object_id | attribut:exhibition_heritage_objects.display_startdate | attribut:exhibition_heritage_objects.display_enddate | attribut:object_types.id | attribut:object_types.name | attribut:object_types.description | attribut:acquisition_types.id | attribut:acquisition_types.name | attribut:acquisition_types.description | attribut:parties.id | attribut:parties.name | attribut:parties.party_type | attribut:parties.is_active | attribut:heritage_objects.id | attribut:heritage_objects.inventory_number | attribut:heritage_objects.title | attribut:heritage_objects.description | attribut:heritage_objects.object_type_id | attribut:heritage_objects.collection_id | attribut:heritage_objects.acquisition_type_id | attribut:heritage_objects.dating_text | attribut:heritage_objects.dating_from | attribut:heritage_objects.dating_to | attribut:heritage_objects.dimensions | attribut:heritage_objects.condition_summary | attribut:heritage_objects.current_location_id | attribut:heritage_objects.is_group | attribut:object_parties.id | attribut:object_parties.heritage_object_id | attribut:object_parties.party_id | attribut:object_parties.role_id | attribut:object_parties.attribution_note | attribut:object_parties.is_certain | attribut:condition_reports.id | attribut:condition_reports.heritage_object_id | attribut:condition_reports.party_id | attribut:condition_reports.reportdate | attribut:condition_reports.condition_text | attribut:condition_reports.report_text | attribut:conservation_actions.id | attribut:conservation_actions.heritage_object_id | attribut:conservation_actions.party_id | attribut:conservation_actions.actiondate | attribut:conservation_actions.description | attribut:documents.id | attribut:documents.title | attribut:documents.document_type | attribut:documents.created_at | attribut:documents.file_reference | attribut:documents.description | attribut:document_heritage_objects.id | attribut:document_heritage_objects.document_id | attribut:document_heritage_objects.heritage_object_id | beziehung:condition_reports → heritage_objects | beziehung:condition_reports → parties | beziehung:conservation_actions → heritage_objects | beziehung:conservation_actions → parties | beziehung:document_heritage_objects → documents | beziehung:document_heritage_objects → heritage_objects | beziehung:exhibition_heritage_objects → heritage_objects | beziehung:heritage_objects → acquisition_types | beziehung:heritage_objects → collections | beziehung:heritage_objects → locations | beziehung:heritage_objects → object_types | beziehung:loans → heritage_objects | beziehung:loans → parties | beziehung:locations → locations | beziehung:object_locations → heritage_objects | beziehung:object_locations → roles | beziehung:object_materials → heritage_objects | beziehung:object_parties → heritage_objects | beziehung:object_parties → parties | beziehung:object_parties → roles,,
TC095,3,Kulturerbe-Inventarsystem,mad,1.0,0.2689026915113872,0.5613416149068323,1,1,1.0,0,0.380952380952381,0.22608695652173913,0.13043478260869565,95,tabelle:object_types | tabelle:acquisition_types | tabelle:parties | tabelle:roles | tabelle:heritage_objects | tabelle:object_parties | tabelle:condition_reports | tabelle:conservation_actions | tabelle:documents | tabelle:document_heritage_objects | attribut:object_materials.id | attribut:object_materials.heritage_object_id | attribut:object_locations.heritage_object_id | attribut:object_locations.role_id | attribut:object_locations.note | attribut:loans.heritage_object_id | attribut:loans.note | attribut:locations.parent_location_id | attribut:exhibition_heritage_objects.id | attribut:exhibition_heritage_objects.heritage_object_id | attribut:exhibition_heritage_objects.display_startdate | attribut:exhibition_heritage_objects.display_enddate | attribut:object_types.id | attribut:object_types.name | attribut:object_types.description | attribut:acquisition_types.id | attribut:acquisition_types.name | attribut:acquisition_types.description | attribut:parties.id | attribut:parties.name | attribut:parties.party_type | attribut:parties.is_active | attribut:roles.id | attribut:roles.name | attribut:roles.description | attribut:heritage_objects.id | attribut:heritage_objects.inventory_number | attribut:heritage_objects.title | attribut:heritage_objects.description | attribut:heritage_objects.object_type_id | attribut:heritage_objects.collection_id | attribut:heritage_objects.acquisition_type_id | attribut:heritage_objects.dating_text | attribut:heritage_objects.dating_from | attribut:heritage_objects.dating_to | attribut:heritage_objects.dimensions | attribut:heritage_objects.condition_summary | attribut:heritage_objects.current_location_id | attribut:heritage_objects.is_group | attribut:object_parties.id | attribut:object_parties.heritage_object_id | attribut:object_parties.party_id | attribut:object_parties.role_id | attribut:object_parties.attribution_note | attribut:object_parties.is_certain | attribut:condition_reports.id | attribut:condition_reports.heritage_object_id | attribut:condition_reports.party_id | attribut:condition_reports.reportdate | attribut:condition_reports.condition_text | attribut:condition_reports.report_text | attribut:conservation_actions.id | attribut:conservation_actions.heritage_object_id | attribut:conservation_actions.party_id | attribut:conservation_actions.actiondate | attribut:conservation_actions.description | attribut:documents.id | attribut:documents.title | attribut:documents.document_type | attribut:documents.created_at | attribut:documents.file_reference | attribut:documents.description | attribut:document_heritage_objects.id | attribut:document_heritage_objects.document_id | attribut:document_heritage_objects.heritage_object_id | beziehung:condition_reports → heritage_objects | beziehung:condition_reports → parties | beziehung:conservation_actions → heritage_objects | beziehung:conservation_actions → parties | beziehung:document_heritage_objects → documents | beziehung:document_heritage_objects → heritage_objects | beziehung:exhibition_heritage_objects → heritage_objects | beziehung:heritage_objects → acquisition_types | beziehung:heritage_objects → collections | beziehung:heritage_objects → locations | beziehung:heritage_objects → object_types | beziehung:loans → heritage_objects | beziehung:loans → parties | beziehung:locations → locations | beziehung:object_locations → heritage_objects | beziehung:object_locations → roles | beziehung:object_materials → heritage_objects | beziehung:object_parties → heritage_objects | beziehung:object_parties → parties | beziehung:object_parties → roles,,
TC095,3,Kulturerbe-Inventarsystem,oa,1.0,0.26770555316401207,0.5606233318984073,1,1,1.0,0,0.4,0.24752475247524752,0.043478260869565216,97,tabelle:object_types | tabelle:acquisition_types | tabelle:parties | tabelle:heritage_objects | tabelle:object_parties | tabelle:condition_reports | tabelle:conservation_actions | tabelle:exhibition_heritage_objects | tabelle:document_heritage_objects | attribut:object_materials.id | attribut:object_materials.heritage_object_id | attribut:exhibitions.title | attribut:roles.description | attribut:loans.heritage_object_id | attribut:loans.note | attribut:materials.description | attribut:locations.name | attribut:locations.parent_location_id | attribut:object_locations.id | attribut:object_locations.heritage_object_id | attribut:object_locations.startdate | attribut:object_locations.enddate | attribut:object_locations.note | attribut:documents.title | attribut:documents.created_at | attribut:documents.file_reference | attribut:object_types.id | attribut:object_types.name | attribut:object_types.description | attribut:acquisition_types.id | attribut:acquisition_types.name | attribut:acquisition_types.description | attribut:parties.id | attribut:parties.name | attribut:parties.party_type | attribut:parties.is_active | attribut:heritage_objects.id | attribut:heritage_objects.inventory_number | attribut:heritage_objects.title | attribut:heritage_objects.description | attribut:heritage_objects.object_type_id | attribut:heritage_objects.collection_id | attribut:heritage_objects.acquisition_type_id | attribut:heritage_objects.dating_text | attribut:heritage_objects.dating_from | attribut:heritage_objects.dating_to | attribut:heritage_objects.dimensions | attribut:heritage_objects.condition_summary | attribut:heritage_objects.current_location_id | attribut:heritage_objects.is_group | attribut:object_parties.id | attribut:object_parties.heritage_object_id | attribut:object_parties.party_id | attribut:object_parties.role_id | attribut:object_parties.attribution_note | attribut:object_parties.is_certain | attribut:condition_reports.id | attribut:condition_reports.heritage_object_id | attribut:condition_reports.party_id | attribut:condition_reports.reportdate | attribut:condition_reports.condition_text | attribut:condition_reports.report_text | attribut:conservation_actions.id | attribut:conservation_actions.heritage_object_id | attribut:conservation_actions.party_id | attribut:conservation_actions.actiondate | attribut:conservation_actions.description | attribut:exhibition_heritage_objects.id | attribut:exhibition_heritage_objects.exhibition_id | attribut:exhibition_heritage_objects.heritage_object_id | attribut:exhibition_heritage_objects.display_startdate | attribut:exhibition_heritage_objects.display_enddate | attribut:document_heritage_objects.id | attribut:document_heritage_objects.document_id | attribut:document_heritage_objects.heritage_object_id | beziehung:condition_reports → heritage_objects | beziehung:condition_reports → parties | beziehung:conservation_actions → heritage_objects | beziehung:conservation_actions → parties | beziehung:document_heritage_objects → documents | beziehung:document_heritage_objects → heritage_objects | beziehung:exhibition_heritage_objects → exhibitions | beziehung:exhibition_heritage_objects → heritage_objects | beziehung:heritage_objects → acquisition_types | beziehung:heritage_objects → collections | beziehung:heritage_objects → locations | beziehung:heritage_objects → object_types | beziehung:loans → heritage_objects | beziehung:loans → parties | beziehung:locations → locations | beziehung:object_locations → heritage_objects | beziehung:object_locations → locations | beziehung:object_locations → roles | beziehung:object_materials → heritage_objects | beziehung:object_parties → heritage_objects | beziehung:object_parties → parties | beziehung:object_parties → roles,,
TC095,3,Kulturerbe-Inventarsystem,ps,1.0,0.25082939359986883,0.5504976361599213,1,1,1.0,0,0.43243243243243246,0.1511627906976744,0.08695652173913043,109,tabelle:object_types | tabelle:acquisition_types | tabelle:parties | tabelle:roles | tabelle:heritage_objects | tabelle:object_parties | tabelle:condition_reports | tabelle:conservation_actions | tabelle:exhibition_heritage_objects | tabelle:document_heritage_objects | attribut:object_materials.id | attribut:object_materials.heritage_object_id | attribut:object_locations.id | attribut:object_locations.heritage_object_id | attribut:object_locations.role_id | attribut:object_locations.startdate | attribut:object_locations.enddate | attribut:object_locations.note | attribut:exhibitions.title | attribut:exhibitions.startdate | attribut:exhibitions.enddate | attribut:exhibitions.description | attribut:loans.heritage_object_id | attribut:loans.lender_id | attribut:loans.borrower_id | attribut:loans.startdate | attribut:loans.enddate | attribut:loans.note | attribut:materials.name | attribut:materials.description | attribut:locations.name | attribut:locations.parent_location_id | attribut:collections.name | attribut:documents.title | attribut:documents.created_at | attribut:documents.file_reference | attribut:object_types.id | attribut:object_types.name | attribut:object_types.description | attribut:acquisition_types.id | attribut:acquisition_types.name | attribut:acquisition_types.description | attribut:parties.id | attribut:parties.name | attribut:parties.party_type | attribut:parties.is_active | attribut:roles.id | attribut:roles.name | attribut:roles.description | attribut:heritage_objects.id | attribut:heritage_objects.inventory_number | attribut:heritage_objects.title | attribut:heritage_objects.description | attribut:heritage_objects.object_type_id | attribut:heritage_objects.collection_id | attribut:heritage_objects.acquisition_type_id | attribut:heritage_objects.dating_text | attribut:heritage_objects.dating_from | attribut:heritage_objects.dating_to | attribut:heritage_objects.dimensions | attribut:heritage_objects.condition_summary | attribut:heritage_objects.current_location_id | attribut:heritage_objects.is_group | attribut:object_parties.id | attribut:object_parties.heritage_object_id | attribut:object_parties.party_id | attribut:object_parties.role_id | attribut:object_parties.attribution_note | attribut:object_parties.is_certain | attribut:condition_reports.id | attribut:condition_reports.heritage_object_id | attribut:condition_reports.party_id | attribut:condition_reports.reportdate | attribut:condition_reports.condition_text | attribut:condition_reports.report_text | attribut:conservation_actions.id | attribut:conservation_actions.heritage_object_id | attribut:conservation_actions.party_id | attribut:conservation_actions.actiondate | attribut:conservation_actions.description | attribut:exhibition_heritage_objects.id | attribut:exhibition_heritage_objects.exhibition_id | attribut:exhibition_heritage_objects.heritage_object_id | attribut:exhibition_heritage_objects.display_startdate | attribut:exhibition_heritage_objects.display_enddate | attribut:document_heritage_objects.id | attribut:document_heritage_objects.document_id | attribut:document_heritage_objects.heritage_object_id | beziehung:condition_reports → heritage_objects | beziehung:condition_reports → parties | beziehung:conservation_actions → heritage_objects | beziehung:conservation_actions → parties | beziehung:document_heritage_objects → documents | beziehung:document_heritage_objects → heritage_objects | beziehung:exhibition_heritage_objects → exhibitions | beziehung:exhibition_heritage_objects → heritage_objects | beziehung:heritage_objects → acquisition_types | beziehung:heritage_objects → collections | beziehung:heritage_objects → locations | beziehung:heritage_objects → object_types | beziehung:loans → heritage_objects | beziehung:loans → parties | beziehung:locations → locations | beziehung:object_locations → heritage_objects | beziehung:object_locations → roles | beziehung:object_materials → heritage_objects | beziehung:object_parties → heritage_objects | beziehung:object_parties → parties | beziehung:object_parties → roles,,
TC095,3,Kulturerbe-Inventarsystem,sa,1.0,0.3164275483698687,0.5898565290219212,1,1,1.0,0,0.4444444444444444,0.28140703517587934,0.13043478260869565,93,tabelle:object_types | tabelle:collections | tabelle:acquisition_types | tabelle:parties | tabelle:roles | tabelle:heritage_objects | tabelle:object_parties | tabelle:condition_reports | tabelle:conservation_actions | tabelle:document_heritage_objects | attribut:object_materials.heritage_object_id | attribut:object_locations.heritage_object_id | attribut:object_locations.role_id | attribut:object_locations.note | attribut:loans.heritage_object_id | attribut:loans.note | attribut:locations.parent_location_id | attribut:exhibition_heritage_objects.heritage_object_id | attribut:exhibition_heritage_objects.display_startdate | attribut:exhibition_heritage_objects.display_enddate | attribut:documents.title | attribut:documents.created_at | attribut:documents.file_reference | attribut:object_types.id | attribut:object_types.name | attribut:object_types.description | attribut:collections.id | attribut:collections.name | attribut:collections.description | attribut:acquisition_types.id | attribut:acquisition_types.name | attribut:acquisition_types.description | attribut:parties.id | attribut:parties.name | attribut:parties.party_type | attribut:parties.is_active | attribut:roles.id | attribut:roles.name | attribut:roles.description | attribut:heritage_objects.id | attribut:heritage_objects.inventory_number | attribut:heritage_objects.title | attribut:heritage_objects.description | attribut:heritage_objects.object_type_id | attribut:heritage_objects.collection_id | attribut:heritage_objects.acquisition_type_id | attribut:heritage_objects.dating_text | attribut:heritage_objects.dating_from | attribut:heritage_objects.dating_to | attribut:heritage_objects.dimensions | attribut:heritage_objects.condition_summary | attribut:heritage_objects.current_location_id | attribut:heritage_objects.is_group | attribut:object_parties.id | attribut:object_parties.heritage_object_id | attribut:object_parties.party_id | attribut:object_parties.role_id | attribut:object_parties.attribution_note | attribut:object_parties.is_certain | attribut:condition_reports.id | attribut:condition_reports.heritage_object_id | attribut:condition_reports.party_id | attribut:condition_reports.reportdate | attribut:condition_reports.condition_text | attribut:condition_reports.report_text | attribut:conservation_actions.id | attribut:conservation_actions.heritage_object_id | attribut:conservation_actions.party_id | attribut:conservation_actions.actiondate | attribut:conservation_actions.description | attribut:document_heritage_objects.id | attribut:document_heritage_objects.document_id | attribut:document_heritage_objects.heritage_object_id | beziehung:condition_reports → heritage_objects | beziehung:condition_reports → parties | beziehung:conservation_actions → heritage_objects | beziehung:conservation_actions → parties | beziehung:document_heritage_objects → documents | beziehung:document_heritage_objects → heritage_objects | beziehung:exhibition_heritage_objects → heritage_objects | beziehung:heritage_objects → acquisition_types | beziehung:heritage_objects → collections | beziehung:heritage_objects → locations | beziehung:heritage_objects → object_types | beziehung:loans → heritage_objects | beziehung:loans → parties | beziehung:locations → locations | beziehung:object_locations → heritage_objects | beziehung:object_locations → roles | beziehung:object_materials → heritage_objects | beziehung:object_parties → heritage_objects | beziehung:object_parties → parties | beziehung:object_parties → roles,,
